{"wo": [[0.399069033044439], [0.5048118632816745], [-2.829068516231009], [2.7490673131021306], [1.1130767285818013], [-1.5960474001621472], [-2.982026514741864], [1.3026662991212385]], "cost": "0.00257374089206", "wi": [[0.3802878778879962, 0.006597323965047081, 0.8251694416235705, 0.6136595212572565, 0.5225763399357529, -0.42343374190524663, 3.209664893919059, 0.2770990798092129], [0.4883175737259582, 0.45363801721378705, -0.318284198473346, 1.94527343052345, 0.5669877437033916, 0.22003288828618656, 1.5259070178493295, -0.2691293703583383], [0.8214709535627959, 0.869106558624239, -2.1276920313081744, 0.30225755140675414, 0.5459313901840451, 0.12877628776743302, 0.0804653992789974, -0.26132080588487827], [0.29524348251930976, 0.30175542742915723, -0.3626361346704331, -1.8465916775040203, -0.410173237112386, 1.1481479111320738, -2.8476990239581688, -0.07072103628749724], [0.5250351525756795, 0.7855222454856583, 2.813548209375876, 0.7875391177419685, 0.6411659964589886, -0.5571913370813756, 0.6076934401119577, 1.3709611777990953], [0.8302648305556097, 0.6763484452445867, 1.3364712029189536, 0.7658388898512908, 0.2254178995941026, 1.6480737895276862, -2.84971227431694, -0.6919376966097321]], "iterations": 5000}